2013030809001SS1SS2,03-08-2013,09:00,10:00,SS1,Lost Mt. Field #1,Game,SS2,,
2013030809002SS3SS4,03-08-2013,09:00,10:00,SS3,Lost Mt. Field #2,Game,SS4,,
201303080900310UF110UF2,03-08-2013,09:00,10:15,10UF1,Lost Mt. Field #3,Game,10UF2,,
2013030809004SRS3SRS4,03-08-2013,09:00,10:00,SRS3,Lost Mt. Field #4,Game,SRS4,,
20130308090058U18U2,03-08-2013,09:00,10:00,8U1,Lost Mt. Field #5,Game,8U2,,
2013030810001SRS1SRS2,03-08-2013,10:00,11:00,SRS1,Lost Mt. Field #1,Game,SRS2,,
201303081000214UF114UF2,03-08-2013,10:00,11:15,14UF1,Lost Mt. Field #2,Game,14UF2,,
201303081015310UF310UF4,03-08-2013,10:15,11:30,10UF3,Lost Mt. Field #3,Game,10UF4,,
20130308100048U78U8,03-08-2013,10:00,11:00,8U7,Lost Mt. Field #4,Game,8U8,,
20130308100058U58U6,03-08-2013,10:00,11:00,8U5,Lost Mt. Field #5,Game,8U6,,
201303081100112UF112UF2,03-08-2013,11:00,12:15,12UF1,Lost Mt. Field #1,Game,12UF2,,
201303081115215F115F2,03-08-2013,11:15,12:30,15F1,Lost Mt. Field #2,Game,15F2,,
201303081130310UF510UF6,03-08-2013,11:30,12:45,10UF5,Lost Mt. Field #3,Game,10UF6,,
201303081100412US112US2,03-08-2013,11:00,12:15,12US1,Lost Mt. Field #4,Game,12US2,,
20130308110058U38U4,03-08-2013,11:00,12:00,8U3,Lost Mt. Field #5,Game,8U4,,
201303081215112UF512UF6,03-08-2013,12:15,13:30,12UF5,Lost Mt. Field #1,Game,12UF6,,
201303081230215F315F4,03-08-2013,12:30,13:45,15F3,Lost Mt. Field #2,Game,15F4,,
201303081245310UF710UF8,03-08-2013,12:45,14:00,10UF7,Lost Mt. Field #3,Game,10UF8,,
201303081200414US114US2,03-08-2013,12:00,13:00,14US1,Lost Mt. Field #4,Game,14US2,,
20130308120058U98U10,03-08-2013,12:00,13:00,8U9,Lost Mt. Field #5,Game,8U10,,
201303081330112UF312UF4,03-08-2013,13:30,14:45,12UF3,Lost Mt. Field #1,Game,12UF4,,
201303081345215F515F6,03-08-2013,13:45,15:00,15F5,Lost Mt. Field #2,Game,15F6,,
201303081400310UF910UF10,03-08-2013,14:00,15:15,10UF9,Lost Mt. Field #3,Game,10UF10,,
201303081300414US314US4,03-08-2013,13:00,14:00,14US3,Lost Mt. Field #4,Game,14US4,,
20130308130058U118U12,03-08-2013,13:00,14:00,8U11,Lost Mt. Field #5,Game,8U12,,
2013031018151SS1SS5,03-10-2013,18:15,19:15,SS1,Lost Mt. Field #1,Game,SS5,,
2013031018152SRS1SRS5,03-10-2013,18:15,19:15,SRS1,Lost Mt. Field #2,Game,SRS5,,
20130310181538U18U3,03-10-2013,18:15,19:15,8U1,Lost Mt. Field #3,Game,8U3,,
20130310181548U28U4,03-10-2013,18:15,19:15,8U2,Lost Mt. Field #4,Game,8U4,,
201303101815510UF110UF3,03-10-2013,18:15,19:30,10UF1,Lost Mt. Field #5,Game,10UF3,,
201303101915319US119US2,03-10-2013,19:15,20:15,19US1,Lost Mt. Field #3,Game,19US2,,
201303101915419US319US4,03-10-2013,19:15,20:15,19US3,Lost Mt. Field #4,Game,19US4,,
201303101930515F315F6,03-10-2013,19:30,20:45,15F3,Lost Mt. Field #5,Game,15F6,,
2013031118151SS2SS4,03-11-2013,18:15,19:15,SS2,Lost Mt. Field #1,Game,SS4,,
20130311181528U58U7,03-11-2013,18:15,19:15,8U5,Lost Mt. Field #2,Game,8U7,,
20130311181538U68U8,03-11-2013,18:15,19:15,8U6,Lost Mt. Field #3,Game,8U8,,
201303111815412UF112UF7,03-11-2013,18:15,19:30,12UF1,Lost Mt. Field #4,Game,12UF7,,
201303111815510UF610UF9,03-11-2013,18:15,19:30,10UF6,Lost Mt. Field #5,Game,10UF9,,
201303111915115F215F5,03-11-2013,19:15,20:30,15F2,Lost Mt. Field #1,Game,15F5,,
201303111915214UF114UF3,03-11-2013,19:15,20:30,14UF1,Lost Mt. Field #2,Game,14UF3,,
201303111915312US112US3,03-11-2013,19:15,20:30,12US1,Lost Mt. Field #3,Game,12US3,,
201303111930412UF212UF6,03-11-2013,19:30,20:45,12UF2,Lost Mt. Field #4,Game,12UF6,,
201303111930510UF510UF7,03-11-2013,19:30,20:45,10UF5,Lost Mt. Field #5,Game,10UF7,,
201303112030115F115F4,03-11-2013,20:30,21:45,15F1,Lost Mt. Field #1,Game,15F4,,
201303112015314US114US3,03-11-2013,20:15,21:15,14US1,Lost Mt. Field #3,Game,14US3,,
2013031318151SRS2SRS4,03-13-2013,18:15,19:15,SRS2,Lost Mt. Field #1,Game,SRS4,,
20130313181528U98U11,03-13-2013,18:15,19:15,8U9,Lost Mt. Field #2,Game,8U11,,
20130313181538U108U12,03-13-2013,18:15,19:15,8U10,Lost Mt. Field #3,Game,8U12,,
2013031318154SS1SS4,03-13-2013,18:15,19:15,SS1,Lost Mt. Field #4,Game,SS4,,
201303131815512UF212UF7,03-13-2013,18:15,19:30,12UF2,Lost Mt. Field #5,Game,12UF7,,
201303131915119US119US5,03-13-2013,19:15,20:15,19US1,Lost Mt. Field #1,Game,19US5,,
201303131915210UF410UF2,03-13-2013,19:15,20:30,10UF4,Lost Mt. Field #2,Game,10UF2,,
201303131915312US212US3,03-13-2013,19:15,20:30,12US2,Lost Mt. Field #3,Game,12US3,,
201303131930410UF810UF10,03-13-2013,19:30,20:45,10UF8,Lost Mt. Field #4,Game,10UF10,,
201303131930512UF312UF5,03-13-2013,19:30,20:45,12UF3,Lost Mt. Field #5,Game,12UF5,,
201303132015119US219US4,03-13-2013,20:15,21:15,19US2,Lost Mt. Field #1,Game,19US4,,
201303132030215F115F3,03-13-2013,20:30,21:45,15F1,Lost Mt. Field #2,Game,15F3,,
201303132015314US214US4,03-13-2013,20:15,21:15,14US2,Lost Mt. Field #3,Game,14US4,,
201303132045414UF214UF3,03-13-2013,20:45,22:00,14UF2,Lost Mt. Field #4,Game,14UF3,,
2013031718151SS2SS3,03-17-2013,18:15,19:15,SS2,Lost Mt. Field #1,Game,SS3,,
2013031718152SRS4SRS3,03-17-2013,18:15,19:15,SRS4,Lost Mt. Field #2,Game,SRS3,,
20130317181538U18U5,03-17-2013,18:15,19:15,8U1,Lost Mt. Field #3,Game,8U5,,
20130317181548U98U7,03-17-2013,18:15,19:15,8U9,Lost Mt. Field #4,Game,8U7,,
201303171815510UF710UF9,03-17-2013,18:15,19:30,10UF7,Lost Mt. Field #5,Game,10UF9,,
201303171915112UF512UF7,03-17-2013,19:15,20:30,12UF5,Lost Mt. Field #1,Game,12UF7,,
201303171915219US319US5,03-17-2013,19:15,20:15,19US3,Lost Mt. Field #2,Game,19US5,,
201303171915312US312US2,03-17-2013,19:15,20:30,12US3,Lost Mt. Field #3,Game,12US2,,
201303171915412UF112UF4,03-17-2013,19:15,20:30,12UF1,Lost Mt. Field #4,Game,12UF4,,
201303171930510UF410UF8,03-17-2013,19:30,20:45,10UF4,Lost Mt. Field #5,Game,10UF8,,
201303172030115F115F6,03-17-2013,20:30,21:45,15F1,Lost Mt. Field #1,Game,15F6,,
201303172015219US419US1,03-17-2013,20:15,21:15,19US4,Lost Mt. Field #2,Game,19US1,,
201303172015314US414US3,03-17-2013,20:15,21:15,14US4,Lost Mt. Field #3,Game,14US3,,
201303172030414UF214UF1,03-17-2013,20:30,21:45,14UF2,Lost Mt. Field #4,Game,14UF1,,
2013031818151SS4SS5,03-18-2013,18:15,19:15,SS4,Lost Mt. Field #1,Game,SS5,,
2013031818152SRS4SRS5,03-18-2013,18:15,19:15,SRS4,Lost Mt. Field #2,Game,SRS5,,
20130318181538U48U6,03-18-2013,18:15,19:15,8U4,Lost Mt. Field #3,Game,8U6,,
20130318181548U28U3,03-18-2013,18:15,19:15,8U2,Lost Mt. Field #4,Game,8U3,,
201303181815512UF412UF6,03-18-2013,18:15,19:30,12UF4,Lost Mt. Field #5,Game,12UF6,,
201303181915219US519US4,03-18-2013,19:15,20:15,19US5,Lost Mt. Field #2,Game,19US4,,
201303181915312US212US1,03-18-2013,19:15,20:30,12US2,Lost Mt. Field #3,Game,12US1,,
201303181915410UF210UF6,03-18-2013,19:15,20:30,10UF2,Lost Mt. Field #4,Game,10UF6,,
201303181930510UF110UF5,03-18-2013,19:30,20:45,10UF1,Lost Mt. Field #5,Game,10UF5,,
201303182015219US219US3,03-18-2013,20:15,21:15,19US2,Lost Mt. Field #2,Game,19US3,,
201303182015314US214US1,03-18-2013,20:15,21:15,14US2,Lost Mt. Field #3,Game,14US1,,
201303182030414UF314UF2,03-18-2013,20:30,21:45,14UF3,Lost Mt. Field #4,Game,14UF2,,
201303201815110UF810UF9,03-20-2013,18:15,19:30,10UF8,Lost Mt. Field #1,Game,10UF9,,
2013032018152SRS2SRS3,03-20-2013,18:15,19:15,SRS2,Lost Mt. Field #2,Game,SRS3,,
2013032018153SS3SS5,03-20-2013,18:15,19:15,SS3,Lost Mt. Field #3,Game,SS5,,
20130320181548U128U8,03-20-2013,18:15,19:15,8U12,Lost Mt. Field #4,Game,8U8,,
20130320181558U108U11,03-20-2013,18:15,19:15,8U10,Lost Mt. Field #5,Game,8U11,,
201303201930112UF212UF5,03-20-2013,19:30,20:45,12UF2,Lost Mt. Field #1,Game,12UF5,,
201303201915212UF412UF7,03-20-2013,19:15,20:30,12UF4,Lost Mt. Field #2,Game,12UF7,,
201303201915312UF612UF3,03-20-2013,19:15,20:30,12UF6,Lost Mt. Field #3,Game,12UF3,,
201303201915415F415F2,03-20-2013,19:15,20:30,15F4,Lost Mt. Field #4,Game,15F2,,
201303201915510UF310UF10,03-20-2013,19:15,20:30,10UF3,Lost Mt. Field #5,Game,10UF10,,
201303202030215F315F5,03-20-2013,20:30,21:45,15F3,Lost Mt. Field #2,Game,15F5,,
201303202030314UF314UF1,03-20-2013,20:30,21:45,14UF3,Lost Mt. Field #3,Game,14UF1,,
2013032209001SS1SS3,03-22-2013,09:00,10:00,SS1,Lost Mt. Field #1,Game,SS3,,
2013032209002SS2SS5,03-22-2013,09:00,10:00,SS2,Lost Mt. Field #2,Game,SS5,,
201303220900310UF110UF6,03-22-2013,09:00,10:15,10UF1,Lost Mt. Field #3,Game,10UF6,,
2013032209004SRS1SRS3,03-22-2013,09:00,10:00,SRS1,Lost Mt. Field #4,Game,SRS3,,
20130322090058U18U10,03-22-2013,09:00,10:00,8U1,Lost Mt. Field #5,Game,8U10,,
2013032210001SRS2SRS5,03-22-2013,10:00,11:00,SRS2,Lost Mt. Field #1,Game,SRS5,,
201303221000214UF214UF3,03-22-2013,10:00,11:15,14UF2,Lost Mt. Field #2,Game,14UF3,,
201303221015310UF310UF8,03-22-2013,10:15,11:30,10UF3,Lost Mt. Field #3,Game,10UF8,,
20130322100048U128U6,03-22-2013,10:00,11:00,8U12,Lost Mt. Field #4,Game,8U6,,
20130322100058U28U7,03-22-2013,10:00,11:00,8U2,Lost Mt. Field #5,Game,8U7,,
201303221100112UF312UF7,03-22-2013,11:00,12:15,12UF3,Lost Mt. Field #1,Game,12UF7,,
201303221115215F115F5,03-22-2013,11:15,12:30,15F1,Lost Mt. Field #2,Game,15F5,,
201303221130310UF210UF7,03-22-2013,11:30,12:45,10UF2,Lost Mt. Field #3,Game,10UF7,,
201303221100412US212US3,03-22-2013,11:00,12:15,12US2,Lost Mt. Field #4,Game,12US3,,
20130322110058U38U8,03-22-2013,11:00,12:00,8U3,Lost Mt. Field #5,Game,8U8,,
201303221215112UF112UF6,03-22-2013,12:15,13:30,12UF1,Lost Mt. Field #1,Game,12UF6,,
201303221230215F215F3,03-22-2013,12:30,13:45,15F2,Lost Mt. Field #2,Game,15F3,,
201303221245310UF410UF9,03-22-2013,12:45,14:00,10UF4,Lost Mt. Field #3,Game,10UF9,,
201303221200414US314US1,03-22-2013,12:00,13:00,14US3,Lost Mt. Field #4,Game,14US1,,
20130322120058U98U4,03-22-2013,12:00,13:00,8U9,Lost Mt. Field #5,Game,8U4,,
201303221330112UF212UF4,03-22-2013,13:30,14:45,12UF2,Lost Mt. Field #1,Game,12UF4,,
201303221345215F415F6,03-22-2013,13:45,15:00,15F4,Lost Mt. Field #2,Game,15F6,,
201303221400310UF510UF10,03-22-2013,14:00,15:15,10UF5,Lost Mt. Field #3,Game,10UF10,,
201303221300414US414US2,03-22-2013,13:00,14:00,14US4,Lost Mt. Field #4,Game,14US2,,
20130322130058U118U5,03-22-2013,13:00,14:00,8U11,Lost Mt. Field #5,Game,8U5,,
2013032418151SS4SS1,03-24-2013,18:15,19:15,SS4,Lost Mt. Field #1,Game,SS1,,
2013032418152SRS1SRS4,03-24-2013,18:15,19:15,SRS1,Lost Mt. Field #2,Game,SRS4,,
20130324181538U78U1,03-24-2013,18:15,19:15,8U7,Lost Mt. Field #3,Game,8U1,,
20130324181548U108U2,03-24-2013,18:15,19:15,8U10,Lost Mt. Field #4,Game,8U2,,
20130324181558U88U11,03-24-2013,18:15,19:15,8U8,Lost Mt. Field #5,Game,8U11,,
2013032419151SRS3SRS5,03-24-2013,19:15,20:15,SRS3,Lost Mt. Field #1,Game,SRS5,,
201303241915212UF412UF5,03-24-2013,19:15,20:30,12UF4,Lost Mt. Field #2,Game,12UF5,,
201303241915310UF110UF7,03-24-2013,19:15,20:30,10UF1,Lost Mt. Field #3,Game,10UF7,,
201303241915419US119US4,03-24-2013,19:15,20:15,19US1,Lost Mt. Field #4,Game,19US4,,
201303241930510UF610UF4,03-24-2013,19:30,20:45,10UF6,Lost Mt. Field #5,Game,10UF4,,
201303242030214UF114UF2,03-24-2013,20:30,21:45,14UF1,Lost Mt. Field #2,Game,14UF2,,
201303242030315F615F3,03-24-2013,20:30,21:45,15F6,Lost Mt. Field #3,Game,15F3,,
201303242015419US319US2,03-24-2013,20:15,21:15,19US3,Lost Mt. Field #4,Game,19US2,,
2013032518151SS3SS2,03-25-2013,18:15,19:15,SS3,Lost Mt. Field #1,Game,SS2,,
2013032518152SRS5SRS4,03-25-2013,18:15,19:15,SRS5,Lost Mt. Field #2,Game,SRS4,,
20130325181538U38U5,03-25-2013,18:15,19:15,8U3,Lost Mt. Field #3,Game,8U5,,
20130325181548U48U8,03-25-2013,18:15,19:15,8U4,Lost Mt. Field #4,Game,8U8,,
201303251815510UF510UF8,03-25-2013,18:15,19:30,10UF5,Lost Mt. Field #5,Game,10UF8,,
201303251915114US214US3,03-25-2013,19:15,20:15,14US2,Lost Mt. Field #1,Game,14US3,,
201303251915212UF112UF5,03-25-2013,19:15,20:30,12UF1,Lost Mt. Field #2,Game,12UF5,,
201303251915312UF212UF3,03-25-2013,19:15,20:30,12UF2,Lost Mt. Field #3,Game,12UF3,,
201303251915412US112US2,03-25-2013,19:15,20:30,12US1,Lost Mt. Field #4,Game,12US2,,
201303251930510UF210UF10,03-25-2013,19:30,20:45,10UF2,Lost Mt. Field #5,Game,10UF10,,
201303252015114US114US4,03-25-2013,20:15,21:15,14US1,Lost Mt. Field #1,Game,14US4,,
201303252030214UF114UF3,03-25-2013,20:30,21:45,14UF1,Lost Mt. Field #2,Game,14UF3,,
201303252030315F415F5,03-25-2013,20:30,21:45,15F4,Lost Mt. Field #3,Game,15F5,,
201303252015419US319US1,03-25-2013,20:15,21:15,19US3,Lost Mt. Field #4,Game,19US1,,
2013032718151SS5SS4,03-27-2013,18:15,19:15,SS5,Lost Mt. Field #1,Game,SS4,,
2013032718152SRS3SRS2,03-27-2013,18:15,19:15,SRS3,Lost Mt. Field #2,Game,SRS2,,
20130327181538U98U12,03-27-2013,18:15,19:15,8U9,Lost Mt. Field #3,Game,8U12,,
20130327181548U118U6,03-27-2013,18:15,19:15,8U11,Lost Mt. Field #4,Game,8U6,,
20130327181558U108U7,03-27-2013,18:15,19:15,8U10,Lost Mt. Field #5,Game,8U7,,
2013032719151SRS4SRS1,03-27-2013,19:15,20:15,SRS4,Lost Mt. Field #1,Game,SRS1,,
201303271915212US312US1,03-27-2013,19:15,20:30,12US3,Lost Mt. Field #2,Game,12US1,,
201303271915312UF112UF3,03-27-2013,19:15,20:30,12UF1,Lost Mt. Field #3,Game,12UF3,,
201303271915412UF612UF7,03-27-2013,19:15,20:30,12UF6,Lost Mt. Field #4,Game,12UF7,,
201303271930510UF310UF9,03-27-2013,19:30,20:45,10UF3,Lost Mt. Field #5,Game,10UF9,,
201303272015219US219US5,03-27-2013,20:15,21:15,19US2,Lost Mt. Field #2,Game,19US5,,
201303272030315F515F2,03-27-2013,20:30,21:45,15F5,Lost Mt. Field #3,Game,15F2,,
201303272030415F415F1,03-27-2013,20:30,21:45,15F4,Lost Mt. Field #4,Game,15F1,,
2013040718151SS2SS3,04-07-2013,18:15,19:15,SS2,Lost Mt. Field #1,Game,SS3,,
2013040718152SRS5SRS1,04-07-2013,18:15,19:15,SRS5,Lost Mt. Field #2,Game,SRS1,,
20130407181538U88U1,04-07-2013,18:15,19:15,8U8,Lost Mt. Field #3,Game,8U1,,
20130407181548U128U2,04-07-2013,18:15,19:15,8U12,Lost Mt. Field #4,Game,8U2,,
201304071815510UF110UF8,04-07-2013,18:15,19:30,10UF1,Lost Mt. Field #5,Game,10UF8,,
201304071915114US314US2,04-07-2013,19:15,20:15,14US3,Lost Mt. Field #1,Game,14US2,,
201304071915212US112US3,04-07-2013,19:15,20:30,12US1,Lost Mt. Field #2,Game,12US3,,
201304071915310UF310UF6,04-07-2013,19:15,20:30,10UF3,Lost Mt. Field #3,Game,10UF6,,
201304071915410UF710UF10,04-07-2013,19:15,20:30,10UF7,Lost Mt. Field #4,Game,10UF10,,
201304071930510UF210UF9,04-07-2013,19:30,20:45,10UF2,Lost Mt. Field #5,Game,10UF9,,
201304072015119US419US5,04-07-2013,20:15,21:15,19US4,Lost Mt. Field #1,Game,19US5,,
201304072015219US119US3,04-07-2013,20:15,21:15,19US1,Lost Mt. Field #2,Game,19US3,,
201304072030415F615F5,04-07-2013,20:30,21:45,15F6,Lost Mt. Field #4,Game,15F5,,
2013040818151SS5SS1,04-08-2013,18:15,19:15,SS5,Lost Mt. Field #1,Game,SS1,,
2013040818152SRS4SRS5,04-08-2013,18:15,19:15,SRS4,Lost Mt. Field #2,Game,SRS5,,
20130408181538U118U3,04-08-2013,18:15,19:15,8U11,Lost Mt. Field #3,Game,8U3,,
20130408181548U108U4,04-08-2013,18:15,19:15,8U10,Lost Mt. Field #4,Game,8U4,,
201304081815510UF310UF5,04-08-2013,18:15,19:30,10UF3,Lost Mt. Field #5,Game,10UF5,,
201304081915112US212US1,04-08-2013,19:15,20:30,12US2,Lost Mt. Field #1,Game,12US1,,
201304081915212UF512UF3,04-08-2013,19:15,20:30,12UF5,Lost Mt. Field #2,Game,12UF3,,
201304081915312UF712UF2,04-08-2013,19:15,20:30,12UF7,Lost Mt. Field #3,Game,12UF2,,
201304081915414US114US2,04-08-2013,19:15,20:15,14US1,Lost Mt. Field #4,Game,14US2,,
201304081930510UF610UF10,04-08-2013,19:30,20:45,10UF6,Lost Mt. Field #5,Game,10UF10,,
201304082015119US119US5,04-08-2013,20:15,21:15,19US1,Lost Mt. Field #1,Game,19US5,,
201304082030214UF214UF1,04-08-2013,20:30,21:45,14UF2,Lost Mt. Field #2,Game,14UF1,,
201304082015414US314US4,04-08-2013,20:15,21:15,14US3,Lost Mt. Field #4,Game,14US4,,
201304101815112UF612UF2,04-10-2013,18:15,19:30,12UF6,Lost Mt. Field #1,Game,12UF2,,
2013041018152SRS2SRS3,04-10-2013,18:15,19:15,SRS2,Lost Mt. Field #2,Game,SRS3,,
20130410181538U98U5,04-10-2013,18:15,19:15,8U9,Lost Mt. Field #3,Game,8U5,,
20130410181548U68U7,04-10-2013,18:15,19:15,8U6,Lost Mt. Field #4,Game,8U7,,
20130410181558U18U4,04-10-2013,18:15,19:15,8U1,Lost Mt. Field #5,Game,8U4,,
201304101915112UF712UF1,04-10-2013,19:15,20:30,12UF7,Lost Mt. Field #1,Game,12UF1,,
201304101915215F215F1,04-10-2013,19:15,20:30,15F2,Lost Mt. Field #2,Game,15F1,,
201304101915314US414US1,04-10-2013,19:15,20:15,14US4,Lost Mt. Field #3,Game,14US1,,
201304101915419US419US5,04-10-2013,19:15,20:15,19US4,Lost Mt. Field #4,Game,19US5,,
201304101930510UF410UF7,04-10-2013,19:30,20:45,10UF4,Lost Mt. Field #5,Game,10UF7,,
201304102030215F415F3,04-10-2013,20:30,21:45,15F4,Lost Mt. Field #2,Game,15F3,,
201304102015419US219US3,04-10-2013,20:15,21:15,19US2,Lost Mt. Field #4,Game,19US3,,
2013041209001SS4SS2,04-12-2013,09:00,10:00,SS4,Lost Mt. Field #1,Game,SS2,,
2013041209002SS5SS3,04-12-2013,09:00,10:00,SS5,Lost Mt. Field #2,Game,SS3,,
201304120900310UF110UF9,04-12-2013,09:00,10:15,10UF1,Lost Mt. Field #3,Game,10UF9,,
2013041209004SRS5SRS3,04-12-2013,09:00,10:00,SRS5,Lost Mt. Field #4,Game,SRS3,,
20130412090058U98U1,04-12-2013,09:00,10:00,8U9,Lost Mt. Field #5,Game,8U1,,
2013041210001SRS4SRS2,04-12-2013,10:00,11:00,SRS4,Lost Mt. Field #1,Game,SRS2,,
201304121000214UF314UF2,04-12-2013,10:00,11:15,14UF3,Lost Mt. Field #2,Game,14UF2,,
201304121015310UF210UF3,04-12-2013,10:15,11:30,10UF2,Lost Mt. Field #3,Game,10UF3,,
20130412100048U78U12,04-12-2013,10:00,11:00,8U7,Lost Mt. Field #4,Game,8U12,,
20130412100058U28U6,04-12-2013,10:00,11:00,8U2,Lost Mt. Field #5,Game,8U6,,
201304121100112UF412UF3,04-12-2013,11:00,12:15,12UF4,Lost Mt. Field #1,Game,12UF3,,
201304121115215F315F1,04-12-2013,11:15,12:30,15F3,Lost Mt. Field #2,Game,15F1,,
201304121130310UF710UF5,04-12-2013,11:30,12:45,10UF7,Lost Mt. Field #3,Game,10UF5,,
201304121100412US312US1,04-12-2013,11:00,12:15,12US3,Lost Mt. Field #4,Game,12US1,,
20130412110058U108U3,04-12-2013,11:00,12:00,8U10,Lost Mt. Field #5,Game,8U3,,
201304121215112UF612UF5,04-12-2013,12:15,13:30,12UF6,Lost Mt. Field #1,Game,12UF5,,
201304121230215F215F6,04-12-2013,12:30,13:45,15F2,Lost Mt. Field #2,Game,15F6,,
201304121245310UF610UF8,04-12-2013,12:45,14:00,10UF6,Lost Mt. Field #3,Game,10UF8,,
201304121200414US114US3,04-12-2013,12:00,13:00,14US1,Lost Mt. Field #4,Game,14US3,,
20130412120058U118U4,04-12-2013,12:00,13:00,8U11,Lost Mt. Field #5,Game,8U4,,
201304121330112UF212UF1,04-12-2013,13:30,14:45,12UF2,Lost Mt. Field #1,Game,12UF1,,
201304121345215F515F4,04-12-2013,13:45,15:00,15F5,Lost Mt. Field #2,Game,15F4,,
201304121400310UF410UF10,04-12-2013,14:00,15:15,10UF4,Lost Mt. Field #3,Game,10UF10,,
201304121300414US214US4,04-12-2013,13:00,14:00,14US2,Lost Mt. Field #4,Game,14US4,,
20130412130058U88U5,04-12-2013,13:00,14:00,8U8,Lost Mt. Field #5,Game,8U5,,
2013041418151SS2SS1,04-14-2013,18:15,19:15,SS2,Lost Mt. Field #1,Game,SS1,,
201304141815210UF210UF5,04-14-2013,18:15,19:30,10UF2,Lost Mt. Field #2,Game,10UF5,,
20130414181538U18U6,04-14-2013,18:15,19:15,8U1,Lost Mt. Field #3,Game,8U6,,
20130414181548U118U2,04-14-2013,18:15,19:15,8U11,Lost Mt. Field #4,Game,8U2,,
20130414181558U128U9,04-14-2013,18:15,19:15,8U12,Lost Mt. Field #5,Game,8U9,,
2013041419151SRS3SRS1,04-14-2013,19:15,20:15,SRS3,Lost Mt. Field #1,Game,SRS1,,
201304141915210UF110UF10,04-14-2013,19:15,20:30,10UF1,Lost Mt. Field #2,Game,10UF10,,
201304141915315F615F1,04-14-2013,19:15,20:30,15F6,Lost Mt. Field #3,Game,15F1,,
201304141915412US312US2,04-14-2013,19:15,20:30,12US3,Lost Mt. Field #4,Game,12US2,,
201304141915510UF610UF7,04-14-2013,19:15,20:30,10UF6,Lost Mt. Field #5,Game,10UF7,,
201304142015419US519US3,04-14-2013,20:15,21:15,19US5,Lost Mt. Field #4,Game,19US3,,
201304151815112UF712UF5,04-15-2013,18:15,19:30,12UF7,Lost Mt. Field #1,Game,12UF5,,
2013041518152SS4SS5,04-15-2013,18:15,19:15,SS4,Lost Mt. Field #2,Game,SS5,,
20130415181538U128U3,04-15-2013,18:15,19:15,8U12,Lost Mt. Field #3,Game,8U3,,
20130415181548U48U7,04-15-2013,18:15,19:15,8U4,Lost Mt. Field #4,Game,8U7,,
20130415181558U28U5,04-15-2013,18:15,19:15,8U2,Lost Mt. Field #5,Game,8U5,,
201304151930112UF612UF4,04-15-2013,19:30,20:45,12UF6,Lost Mt. Field #1,Game,12UF4,,
201304151915214US214US3,04-15-2013,19:15,20:15,14US2,Lost Mt. Field #2,Game,14US3,,
201304151915312US112US3,04-15-2013,19:15,20:30,12US1,Lost Mt. Field #3,Game,12US3,,
201304151915410UF210UF8,04-15-2013,19:15,20:30,10UF2,Lost Mt. Field #4,Game,10UF8,,
201304151915510UF910UF3,04-15-2013,19:15,20:30,10UF9,Lost Mt. Field #5,Game,10UF3,,
201304152015219US219US4,04-15-2013,20:15,21:15,19US2,Lost Mt. Field #2,Game,19US4,,
201304152015314US114US4,04-15-2013,20:15,21:15,14US1,Lost Mt. Field #3,Game,14US4,,
201304152030414UF314UF1,04-15-2013,20:30,21:45,14UF3,Lost Mt. Field #4,Game,14UF1,,
2013041718151SS3SS1,04-17-2013,18:15,19:15,SS3,Lost Mt. Field #1,Game,SS1,,
2013041718152SRS2SRS1,04-17-2013,18:15,19:15,SRS2,Lost Mt. Field #2,Game,SRS1,,
20130417181538U108U5,04-17-2013,18:15,19:15,8U10,Lost Mt. Field #3,Game,8U5,,
20130417181548U88U9,04-17-2013,18:15,19:15,8U8,Lost Mt. Field #4,Game,8U9,,
20130417181558U38U6,04-17-2013,18:15,19:15,8U3,Lost Mt. Field #5,Game,8U6,,
201304171915119US119US3,04-17-2013,19:15,20:15,19US1,Lost Mt. Field #1,Game,19US3,,
201304171915212UF312UF6,04-17-2013,19:15,20:30,12UF3,Lost Mt. Field #2,Game,12UF6,,
201304171915315F515F3,04-17-2013,19:15,20:30,15F5,Lost Mt. Field #3,Game,15F3,,
201304171915410UF410UF5,04-17-2013,19:15,20:30,10UF4,Lost Mt. Field #4,Game,10UF5,,
201304171915512UF412UF1,04-17-2013,19:15,20:30,12UF4,Lost Mt. Field #5,Game,12UF1,,
201304172015119US519US2,04-17-2013,20:15,21:15,19US5,Lost Mt. Field #1,Game,19US2,,
201304172030415F215F4,04-17-2013,20:30,21:45,15F2,Lost Mt. Field #4,Game,15F4,,
2013041909001SS1SS4,04-19-2013,09:00,10:00,SS1,Lost Mt. Field #1,Game,SS4,,
2013041909002SS5SS2,04-19-2013,09:00,10:00,SS5,Lost Mt. Field #2,Game,SS2,,
201304190900310UF410UF6,04-19-2013,09:00,10:15,10UF4,Lost Mt. Field #3,Game,10UF6,,
2013041909004SRS5SRS2,04-19-2013,09:00,10:00,SRS5,Lost Mt. Field #4,Game,SRS2,,
20130419090058U98U3,04-19-2013,09:00,10:00,8U9,Lost Mt. Field #5,Game,8U3,,
2013041910001SRS1SRS4,04-19-2013,10:00,11:00,SRS1,Lost Mt. Field #1,Game,SRS4,,
201304191000214UF114UF2,04-19-2013,10:00,11:15,14UF1,Lost Mt. Field #2,Game,14UF2,,
201304191015310UF210UF1,04-19-2013,10:15,11:30,10UF2,Lost Mt. Field #3,Game,10UF1,,
20130419100048U88U2,04-19-2013,10:00,11:00,8U8,Lost Mt. Field #4,Game,8U2,,
20130419100058U108U6,04-19-2013,10:00,11:00,8U10,Lost Mt. Field #5,Game,8U6,,
201304191100112UF512UF2,04-19-2013,11:00,12:15,12UF5,Lost Mt. Field #1,Game,12UF2,,
201304191115215F515F1,04-19-2013,11:15,12:30,15F5,Lost Mt. Field #2,Game,15F1,,
201304191130310UF310UF7,04-19-2013,11:30,12:45,10UF3,Lost Mt. Field #3,Game,10UF7,,
201304191100412US112US2,04-19-2013,11:00,12:15,12US1,Lost Mt. Field #4,Game,12US2,,
20130419110058U128U1,04-19-2013,11:00,12:00,8U12,Lost Mt. Field #5,Game,8U1,,
201304191215112UF712UF4,04-19-2013,12:15,13:30,12UF7,Lost Mt. Field #1,Game,12UF4,,
201304191230215F315F2,04-19-2013,12:30,13:45,15F3,Lost Mt. Field #2,Game,15F2,,
201304191245310UF510UF9,04-19-2013,12:45,14:00,10UF5,Lost Mt. Field #3,Game,10UF9,,
201304191200414US214US1,04-19-2013,12:00,13:00,14US2,Lost Mt. Field #4,Game,14US1,,
20130419120058U48U5,04-19-2013,12:00,13:00,8U4,Lost Mt. Field #5,Game,8U5,,
201304191330112UF312UF1,04-19-2013,13:30,14:45,12UF3,Lost Mt. Field #1,Game,12UF1,,
201304191345215F615F4,04-19-2013,13:45,15:00,15F6,Lost Mt. Field #2,Game,15F4,,
201304191400310UF1010UF8,04-19-2013,14:00,15:15,10UF10,Lost Mt. Field #3,Game,10UF8,,
201304191300414US414US3,04-19-2013,13:00,14:00,14US4,Lost Mt. Field #4,Game,14US3,,
20130419130058U118U7,04-19-2013,13:00,14:00,8U11,Lost Mt. Field #5,Game,8U7,,
2013042118151SS4SS3,04-21-2013,18:15,19:15,SS4,Lost Mt. Field #1,Game,SS3,,
2013042118152SRS3SRS4,04-21-2013,18:15,19:15,SRS3,Lost Mt. Field #2,Game,SRS4,,
20130421181538U118U1,04-21-2013,18:15,19:15,8U11,Lost Mt. Field #3,Game,8U1,,
20130421181548U98U2,04-21-2013,18:15,19:15,8U9,Lost Mt. Field #4,Game,8U2,,
201304211815510UF310UF1,04-21-2013,18:15,19:30,10UF3,Lost Mt. Field #5,Game,10UF1,,
201304211915219US119US2,04-21-2013,19:15,20:15,19US1,Lost Mt. Field #2,Game,19US2,,
201304211915314UF114UF3,04-21-2013,19:15,20:30,14UF1,Lost Mt. Field #3,Game,14UF3,,
201304211915414US414US2,04-21-2013,19:15,20:15,14US4,Lost Mt. Field #4,Game,14US2,,
201304211930510UF810UF7,04-21-2013,19:30,20:45,10UF8,Lost Mt. Field #5,Game,10UF7,,
201304212015219US319US4,04-21-2013,20:15,21:15,19US3,Lost Mt. Field #2,Game,19US4,,
201304212030315F315F6,04-21-2013,20:30,21:45,15F3,Lost Mt. Field #3,Game,15F6,,
2013042218151SS2SS5,04-22-2013,18:15,19:15,SS2,Lost Mt. Field #1,Game,SS5,,
2013042218152SRS3SRS5,04-22-2013,18:15,19:15,SRS3,Lost Mt. Field #2,Game,SRS5,,
20130422181538U88U10,04-22-2013,18:15,19:15,8U8,Lost Mt. Field #3,Game,8U10,,
20130422181548U128U4,04-22-2013,18:15,19:15,8U12,Lost Mt. Field #4,Game,8U4,,
201304221815510UF610UF5,04-22-2013,18:15,19:30,10UF6,Lost Mt. Field #5,Game,10UF5,,
201304221915119US119US4,04-22-2013,19:15,20:15,19US1,Lost Mt. Field #1,Game,19US4,,
201304221915212UF512UF4,04-22-2013,19:15,20:30,12UF5,Lost Mt. Field #2,Game,12UF4,,
201304221915312US212US3,04-22-2013,19:15,20:30,12US2,Lost Mt. Field #3,Game,12US3,,
201304221915412UF312UF2,04-22-2013,19:15,20:30,12UF3,Lost Mt. Field #4,Game,12UF2,,
201304221930510UF1010UF9,04-22-2013,19:30,20:45,10UF10,Lost Mt. Field #5,Game,10UF9,,
201304222015119US319US5,04-22-2013,20:15,21:15,19US3,Lost Mt. Field #1,Game,19US5,,
201304222030214UF214UF3,04-22-2013,20:30,21:45,14UF2,Lost Mt. Field #2,Game,14UF3,,
201304222015314US314US1,04-22-2013,20:15,21:15,14US3,Lost Mt. Field #3,Game,14US1,,
201304222030415F215F5,04-22-2013,20:30,21:45,15F2,Lost Mt. Field #4,Game,15F5,,
2013042418151SS3SS5,04-24-2013,18:15,19:15,SS3,Lost Mt. Field #1,Game,SS5,,
2013042418152SRS1SRS2,04-24-2013,18:15,19:15,SRS1,Lost Mt. Field #2,Game,SRS2,,
20130424181538U38U7,04-24-2013,18:15,19:15,8U3,Lost Mt. Field #3,Game,8U7,,
20130424181548U68U5,04-24-2013,18:15,19:15,8U6,Lost Mt. Field #4,Game,8U5,,
201304241815510UF210UF4,04-24-2013,18:15,19:30,10UF2,Lost Mt. Field #5,Game,10UF4,,
201304241915312UF712UF6,04-24-2013,19:15,20:30,12UF7,Lost Mt. Field #3,Game,12UF6,,
201304241915412UF512UF1,04-24-2013,19:15,20:30,12UF5,Lost Mt. Field #4,Game,12UF1,,
201304241930515F115F4,04-24-2013,19:30,20:45,15F1,Lost Mt. Field #5,Game,15F4,,
2013042609001SS1SS3,04-26-2013,09:00,10:00,SS1,Lost Mt. Field #1,Game,SS3,,
2013042609002SS2SS4,04-26-2013,09:00,10:00,SS2,Lost Mt. Field #2,Game,SS4,,
201304260900310UF110UF4,04-26-2013,09:00,10:15,10UF1,Lost Mt. Field #3,Game,10UF4,,
2013042609004SRS1SRS3,04-26-2013,09:00,10:00,SRS1,Lost Mt. Field #4,Game,SRS3,,
20130426090058U58U12,04-26-2013,09:00,10:00,8U5,Lost Mt. Field #5,Game,8U12,,
2013042610001SRS2SRS4,04-26-2013,10:00,11:00,SRS2,Lost Mt. Field #1,Game,SRS4,,
201304261000214UF314UF1,04-26-2013,10:00,11:15,14UF3,Lost Mt. Field #2,Game,14UF1,,
201304261015310UF310UF2,04-26-2013,10:15,11:30,10UF3,Lost Mt. Field #3,Game,10UF2,,
20130426100048U28U1,04-26-2013,10:00,11:00,8U2,Lost Mt. Field #4,Game,8U1,,
20130426100058U98U6,04-26-2013,10:00,11:00,8U9,Lost Mt. Field #5,Game,8U6,,
201304261100112UF412UF2,04-26-2013,11:00,12:15,12UF4,Lost Mt. Field #1,Game,12UF2,,
201304261115215F115F2,04-26-2013,11:15,12:30,15F1,Lost Mt. Field #2,Game,15F2,,
201304261130310UF810UF5,04-26-2013,11:30,12:45,10UF8,Lost Mt. Field #3,Game,10UF5,,
201304261100412US312US1,04-26-2013,11:00,12:15,12US3,Lost Mt. Field #4,Game,12US1,,
20130426110058U48U3,04-26-2013,11:00,12:00,8U4,Lost Mt. Field #5,Game,8U3,,
201304261215112UF712UF3,04-26-2013,12:15,13:30,12UF7,Lost Mt. Field #1,Game,12UF3,,
201304261230215F315F4,04-26-2013,12:30,13:45,15F3,Lost Mt. Field #2,Game,15F4,,
201304261245310UF1010UF6,04-26-2013,12:45,14:00,10UF10,Lost Mt. Field #3,Game,10UF6,,
201304261200414US414US1,04-26-2013,12:00,13:00,14US4,Lost Mt. Field #4,Game,14US1,,
20130426120058U118U10,04-26-2013,12:00,13:00,8U11,Lost Mt. Field #5,Game,8U10,,
201304261330112UF612UF1,04-26-2013,13:30,14:45,12UF6,Lost Mt. Field #1,Game,12UF1,,
201304261345215F515F6,04-26-2013,13:45,15:00,15F5,Lost Mt. Field #2,Game,15F6,,
201304261400310UF910UF7,04-26-2013,14:00,15:15,10UF9,Lost Mt. Field #3,Game,10UF7,,
201304261300414US314US2,04-26-2013,13:00,14:00,14US3,Lost Mt. Field #4,Game,14US2,,
20130426130058U88U7,04-26-2013,13:00,14:00,8U8,Lost Mt. Field #5,Game,8U7,,
2013042818151SS1SS2,04-28-2013,18:15,19:15,SS1,Lost Mt. Field #1,Game,SS2,,
20130428181528U38U1,04-28-2013,18:15,19:15,8U3,Lost Mt. Field #2,Game,8U1,,
20130428181538U48U2,04-28-2013,18:15,19:15,8U4,Lost Mt. Field #3,Game,8U2,,
201304281815410UF410UF1,04-28-2013,18:15,19:30,10UF4,Lost Mt. Field #4,Game,10UF1,,
2013042818155SS3SS4,04-28-2013,18:15,19:15,SS3,Lost Mt. Field #5,Game,SS4,,
201304281915115F115F6,04-28-2013,19:15,20:30,15F1,Lost Mt. Field #1,Game,15F6,,
201304281915212US312US2,04-28-2013,19:15,20:30,12US3,Lost Mt. Field #2,Game,12US2,,
201304281915319US219US1,04-28-2013,19:15,20:15,19US2,Lost Mt. Field #3,Game,19US1,,
201304281930410UF910UF8,04-28-2013,19:30,20:45,10UF9,Lost Mt. Field #4,Game,10UF8,,
201304281915510UF610UF2,04-28-2013,19:15,20:30,10UF6,Lost Mt. Field #5,Game,10UF2,,
201304282030115F615F2,04-28-2013,20:30,21:45,15F6,Lost Mt. Field #1,Game,15F2,,
201304282015319US419US3,04-28-2013,20:15,21:15,19US4,Lost Mt. Field #3,Game,19US3,,
201304282030514UF314UF2,04-28-2013,20:30,21:45,14UF3,Lost Mt. Field #5,Game,14UF2,,
2013042918151SRS1SRS5,04-29-2013,18:15,19:15,SRS1,Lost Mt. Field #1,Game,SRS5,,
20130429181528U78U5,04-29-2013,18:15,19:15,8U7,Lost Mt. Field #2,Game,8U5,,
20130429181538U88U6,04-29-2013,18:15,19:15,8U8,Lost Mt. Field #3,Game,8U6,,
201304291815412US212US1,04-29-2013,18:15,19:30,12US2,Lost Mt. Field #4,Game,12US1,,
201304291815510UF510UF1,04-29-2013,18:15,19:30,10UF5,Lost Mt. Field #5,Game,10UF1,,
201304291915214UF214UF1,04-29-2013,19:15,20:30,14UF2,Lost Mt. Field #2,Game,14UF1,,
201304291915314US314US4,04-29-2013,19:15,20:15,14US3,Lost Mt. Field #3,Game,14US4,,
201304291915414US114US2,04-29-2013,19:15,20:15,14US1,Lost Mt. Field #4,Game,14US2,,
201304291930510UF710UF3,04-29-2013,19:30,20:45,10UF7,Lost Mt. Field #5,Game,10UF3,,
201304292015319US219US5,04-29-2013,20:15,21:15,19US2,Lost Mt. Field #3,Game,19US5,,
2013050118151SS1SS5,05-01-2013,18:15,19:15,SS1,Lost Mt. Field #1,Game,SS5,,
2013050118152SRS2SRS5,05-01-2013,18:15,19:15,SRS2,Lost Mt. Field #2,Game,SRS5,,
20130501181538U108U9,05-01-2013,18:15,19:15,8U10,Lost Mt. Field #3,Game,8U9,,
20130501181548U128U11,05-01-2013,18:15,19:15,8U12,Lost Mt. Field #4,Game,8U11,,
201305011815510UF1010UF4,05-01-2013,18:15,19:30,10UF10,Lost Mt. Field #5,Game,10UF4,,
201305011915319US419US2,05-01-2013,19:15,20:15,19US4,Lost Mt. Field #3,Game,19US2,,
201305011915415F415F5,05-01-2013,19:15,20:30,15F4,Lost Mt. Field #4,Game,15F5,,
201305011930515F215F3,05-01-2013,19:30,20:45,15F2,Lost Mt. Field #5,Game,15F3,,
201305012030319US519US1,05-01-2013,20:30,21:30,19US5,Lost Mt. Field #3,Game,19US1,,
